transaction_ids	transaction_values
6961	Chr2_Pos9055293_T,Chr2_Pos9055428_G,Chr2_Pos9055754_G,Chr2_Pos9055835_T,Chr2_Pos9070665_G,Chr2_Pos9093583_G,Chr2_Pos9571880_T,Chr3_Pos10149212_T,Chr3_Pos11304277_G,Chr3_Pos11351996_G
6963	Chr2_Pos9055293_C,Chr2_Pos9055428_G,Chr2_Pos9055754_G,Chr2_Pos9055835_T,Chr2_Pos9070665_G,Chr2_Pos9093583_C,Chr2_Pos9571880_C,Chr3_Pos10149212_T,Chr3_Pos11304277_T,Chr3_Pos11351996_T
8256	Chr2_Pos9055293_C,Chr2_Pos9055428_G,Chr2_Pos9055754_G,Chr2_Pos9055835_T,Chr2_Pos9070665_G,Chr2_Pos9093583_G,Chr2_Pos9571880_T,Chr3_Pos10149212_G,Chr3_Pos11304277_G,Chr3_Pos11351996_T
6965	Chr2_Pos9055293_C,Chr2_Pos9055428_G,Chr2_Pos9055754_G,Chr2_Pos9055835_T,Chr2_Pos9070665_G,Chr2_Pos9093583_G,Chr2_Pos9571880_C,Chr3_Pos10149212_T,Chr3_Pos11304277_T,Chr3_Pos11351996_T
6964	Chr2_Pos9055293_C,Chr2_Pos9055428_G,Chr2_Pos9055754_G,Chr2_Pos9055835_T,Chr2_Pos9070665_G,Chr2_Pos9093583_G,Chr2_Pos9571880_T,Chr3_Pos10149212_G,Chr3_Pos11304277_T,Chr3_Pos11351996_T
6967	Chr2_Pos9055293_C,Chr2_Pos9055428_G,Chr2_Pos9055754_G,Chr2_Pos9055835_T,Chr2_Pos9070665_G,Chr2_Pos9093583_G,Chr2_Pos9571880_T,Chr3_Pos10149212_T,Chr3_Pos11304277_T,Chr3_Pos11351996_T
8387	Chr2_Pos9055293_T,Chr2_Pos9055428_C,Chr2_Pos9055754_A,Chr2_Pos9055835_A,Chr2_Pos9070665_G,Chr2_Pos9093583_G,Chr2_Pos9571880_T,Chr3_Pos10149212_G,Chr3_Pos11304277_G,Chr3_Pos11351996_T
6968	Chr2_Pos9055293_C,Chr2_Pos9055428_G,Chr2_Pos9055754_G,Chr2_Pos9055835_T,Chr2_Pos9070665_T,Chr2_Pos9093583_G,Chr2_Pos9571880_C,Chr3_Pos10149212_G,Chr3_Pos11304277_T,Chr3_Pos11351996_T
9470	Chr2_Pos9055293_C,Chr2_Pos9055428_G,Chr2_Pos9055754_G,Chr2_Pos9055835_T,Chr2_Pos9070665_G,Chr2_Pos9093583_G,Chr2_Pos9571880_T,Chr3_Pos10149212_G,Chr3_Pos11304277_T,Chr3_Pos11351996_T
8335	Chr2_Pos9055293_T,Chr2_Pos9055428_C,Chr2_Pos9055754_A,Chr2_Pos9055835_A,Chr2_Pos9070665_T,Chr2_Pos9093583_C,Chr2_Pos9571880_C,Chr3_Pos10149212_G,Chr3_Pos11304277_T,Chr3_Pos11351996_T
8259	Chr2_Pos9055293_C,Chr2_Pos9055428_G,Chr2_Pos9055754_G,Chr2_Pos9055835_T,Chr2_Pos9070665_G,Chr2_Pos9093583_G,Chr2_Pos9571880_T,Chr3_Pos10149212_G,Chr3_Pos11304277_T,Chr3_Pos11351996_T
8258	Chr2_Pos9055293_C,Chr2_Pos9055428_G,Chr2_Pos9055754_G,Chr2_Pos9055835_T,Chr2_Pos9070665_G,Chr2_Pos9093583_G,Chr2_Pos9571880_T,Chr3_Pos10149212_G,Chr3_Pos11304277_T,Chr3_Pos11351996_T
7071	Chr2_Pos9055293_C,Chr2_Pos9055428_G,Chr2_Pos9055754_G,Chr2_Pos9055835_T,Chr2_Pos9070665_G,Chr2_Pos9093583_G,Chr2_Pos9571880_T,Chr3_Pos10149212_T,Chr3_Pos11304277_G,Chr3_Pos11351996_G
6125	Chr2_Pos9055293_T,Chr2_Pos9055428_C,Chr2_Pos9055754_A,Chr2_Pos9055835_A,Chr2_Pos9070665_T,Chr2_Pos9093583_C,Chr2_Pos9571880_C,Chr3_Pos10149212_G,Chr3_Pos11304277_G,Chr3_Pos11351996_T
8306	Chr2_Pos9055293_C,Chr2_Pos9055428_G,Chr2_Pos9055754_G,Chr2_Pos9055835_T,Chr2_Pos9070665_G,Chr2_Pos9093583_G,Chr2_Pos9571880_T,Chr3_Pos10149212_G,Chr3_Pos11304277_T,Chr3_Pos11351996_T
6126	Chr2_Pos9055293_T,Chr2_Pos9055428_C,Chr2_Pos9055754_A,Chr2_Pos9055835_A,Chr2_Pos9070665_T,Chr2_Pos9093583_C,Chr2_Pos9571880_C,Chr3_Pos10149212_G,Chr3_Pos11304277_T,Chr3_Pos11351996_T
7000	Chr2_Pos9055293_T,Chr2_Pos9055428_C,Chr2_Pos9055754_A,Chr2_Pos9055835_A,Chr2_Pos9070665_G,Chr2_Pos9093583_G,Chr2_Pos9571880_T,Chr3_Pos10149212_G,Chr3_Pos11304277_T,Chr3_Pos11351996_G
6086	Chr2_Pos9055293_T,Chr2_Pos9055428_C,Chr2_Pos9055754_A,Chr2_Pos9055835_A,Chr2_Pos9070665_G,Chr2_Pos9093583_G,Chr2_Pos9571880_C,Chr3_Pos10149212_T,Chr3_Pos11304277_G,Chr3_Pos11351996_G
8422	Chr2_Pos9055293_C,Chr2_Pos9055428_G,Chr2_Pos9055754_G,Chr2_Pos9055835_T,Chr2_Pos9070665_G,Chr2_Pos9093583_G,Chr2_Pos9571880_C,Chr3_Pos10149212_G,Chr3_Pos11304277_T,Chr3_Pos11351996_T
6085	Chr2_Pos9055293_T,Chr2_Pos9055428_C,Chr2_Pos9055754_A,Chr2_Pos9055835_A,Chr2_Pos9070665_G,Chr2_Pos9093583_G,Chr2_Pos9571880_C,Chr3_Pos10149212_G,Chr3_Pos11304277_G,Chr3_Pos11351996_G
6128	Chr2_Pos9055293_T,Chr2_Pos9055428_C,Chr2_Pos9055754_A,Chr2_Pos9055835_A,Chr2_Pos9070665_T,Chr2_Pos9093583_C,Chr2_Pos9571880_C,Chr3_Pos10149212_G,Chr3_Pos11304277_T,Chr3_Pos11351996_T
7384	Chr2_Pos9055293_C,Chr2_Pos9055428_G,Chr2_Pos9055754_G,Chr2_Pos9055835_T,Chr2_Pos9070665_G,Chr2_Pos9093583_G,Chr2_Pos9571880_T,Chr3_Pos10149212_G,Chr3_Pos11304277_T,Chr3_Pos11351996_T
7300	Chr2_Pos9055293_T,Chr2_Pos9055428_C,Chr2_Pos9055754_A,Chr2_Pos9055835_A,Chr2_Pos9070665_G,Chr2_Pos9093583_G,Chr2_Pos9571880_T,Chr3_Pos10149212_G,Chr3_Pos11304277_T,Chr3_Pos11351996_T
7306	Chr2_Pos9055293_C,Chr2_Pos9055428_G,Chr2_Pos9055754_G,Chr2_Pos9055835_T,Chr2_Pos9070665_G,Chr2_Pos9093583_G,Chr2_Pos9571880_T,Chr3_Pos10149212_T,Chr3_Pos11304277_T,Chr3_Pos11351996_T
6915	Chr2_Pos9055293_T,Chr2_Pos9055428_C,Chr2_Pos9055754_A,Chr2_Pos9055835_A,Chr2_Pos9070665_G,Chr2_Pos9093583_G,Chr2_Pos9571880_T,Chr3_Pos10149212_G,Chr3_Pos11304277_T,Chr3_Pos11351996_T
6009	Chr2_Pos9055293_T,Chr2_Pos9055428_C,Chr2_Pos9055754_A,Chr2_Pos9055835_A,Chr2_Pos9070665_G,Chr2_Pos9093583_G,Chr2_Pos9571880_C,Chr3_Pos10149212_T,Chr3_Pos11304277_G,Chr3_Pos11351996_G
7517	Chr2_Pos9055293_T,Chr2_Pos9055428_C,Chr2_Pos9055754_A,Chr2_Pos9055835_A,Chr2_Pos9070665_G,Chr2_Pos9093583_G,Chr2_Pos9571880_C,Chr3_Pos10149212_T,Chr3_Pos11304277_T,Chr3_Pos11351996_T
7516	Chr2_Pos9055293_T,Chr2_Pos9055428_C,Chr2_Pos9055754_A,Chr2_Pos9055835_A,Chr2_Pos9070665_G,Chr2_Pos9093583_G,Chr2_Pos9571880_C,Chr3_Pos10149212_T,Chr3_Pos11304277_T,Chr3_Pos11351996_T
7199	Chr2_Pos9055293_T,Chr2_Pos9055428_C,Chr2_Pos9055754_A,Chr2_Pos9055835_A,Chr2_Pos9070665_G,Chr2_Pos9093583_G,Chr2_Pos9571880_T,Chr3_Pos10149212_G,Chr3_Pos11304277_G,Chr3_Pos11351996_T
7514	Chr2_Pos9055293_T,Chr2_Pos9055428_C,Chr2_Pos9055754_A,Chr2_Pos9055835_A,Chr2_Pos9070665_G,Chr2_Pos9093583_G,Chr2_Pos9571880_C,Chr3_Pos10149212_G,Chr3_Pos11304277_T,Chr3_Pos11351996_T
7424	Chr2_Pos9055293_C,Chr2_Pos9055428_G,Chr2_Pos9055754_G,Chr2_Pos9055835_T,Chr2_Pos9070665_G,Chr2_Pos9093583_G,Chr2_Pos9571880_C,Chr3_Pos10149212_T,Chr3_Pos11304277_T,Chr3_Pos11351996_T
6240	Chr2_Pos9055293_T,Chr2_Pos9055428_C,Chr2_Pos9055754_A,Chr2_Pos9055835_A,Chr2_Pos9070665_G,Chr2_Pos9093583_G,Chr2_Pos9571880_C,Chr3_Pos10149212_G,Chr3_Pos11304277_T,Chr3_Pos11351996_G
6241	Chr2_Pos9055293_T,Chr2_Pos9055428_C,Chr2_Pos9055754_A,Chr2_Pos9055835_A,Chr2_Pos9070665_G,Chr2_Pos9093583_G,Chr2_Pos9571880_C,Chr3_Pos10149212_G,Chr3_Pos11304277_T,Chr3_Pos11351996_G
6242	Chr2_Pos9055293_T,Chr2_Pos9055428_G,Chr2_Pos9055754_A,Chr2_Pos9055835_A,Chr2_Pos9070665_T,Chr2_Pos9093583_C,Chr2_Pos9571880_T,Chr3_Pos10149212_G,Chr3_Pos11304277_T,Chr3_Pos11351996_T
6243	Chr2_Pos9055293_T,Chr2_Pos9055428_C,Chr2_Pos9055754_A,Chr2_Pos9055835_A,Chr2_Pos9070665_G,Chr2_Pos9093583_G,Chr2_Pos9571880_C,Chr3_Pos10149212_T,Chr3_Pos11304277_T,Chr3_Pos11351996_T
6244	Chr2_Pos9055293_T,Chr2_Pos9055428_C,Chr2_Pos9055754_A,Chr2_Pos9055835_A,Chr2_Pos9070665_G,Chr2_Pos9093583_G,Chr2_Pos9571880_C,Chr3_Pos10149212_G,Chr3_Pos11304277_G,Chr3_Pos11351996_G
7518	Chr2_Pos9055293_C,Chr2_Pos9055428_G,Chr2_Pos9055754_G,Chr2_Pos9055835_T,Chr2_Pos9070665_G,Chr2_Pos9093583_G,Chr2_Pos9571880_T,Chr3_Pos10149212_G,Chr3_Pos11304277_T,Chr3_Pos11351996_T
997	Chr2_Pos9055293_T,Chr2_Pos9055428_C,Chr2_Pos9055754_A,Chr2_Pos9055835_A,Chr2_Pos9070665_T,Chr2_Pos9093583_C,Chr2_Pos9571880_C,Chr3_Pos10149212_T,Chr3_Pos11304277_T,Chr3_Pos11351996_G
9471	Chr2_Pos9055293_T,Chr2_Pos9055428_C,Chr2_Pos9055754_A,Chr2_Pos9055835_A,Chr2_Pos9070665_G,Chr2_Pos9093583_G,Chr2_Pos9571880_T,Chr3_Pos10149212_G,Chr3_Pos11304277_G,Chr3_Pos11351996_T
992	Chr2_Pos9055293_T,Chr2_Pos9055428_C,Chr2_Pos9055754_A,Chr2_Pos9055835_A,Chr2_Pos9070665_T,Chr2_Pos9093583_C,Chr2_Pos9571880_C,Chr3_Pos10149212_G,Chr3_Pos11304277_G,Chr3_Pos11351996_T
6994	Chr2_Pos9055293_T,Chr2_Pos9055428_C,Chr2_Pos9055754_A,Chr2_Pos9055835_A,Chr2_Pos9070665_G,Chr2_Pos9093583_G,Chr2_Pos9571880_T,Chr3_Pos10149212_T,Chr3_Pos11304277_T,Chr3_Pos11351996_T
9476	Chr2_Pos9055293_T,Chr2_Pos9055428_C,Chr2_Pos9055754_A,Chr2_Pos9055835_A,Chr2_Pos9070665_G,Chr2_Pos9093583_G,Chr2_Pos9571880_C,Chr3_Pos10149212_T,Chr3_Pos11304277_T,Chr3_Pos11351996_T
6990	Chr2_Pos9055293_C,Chr2_Pos9055428_G,Chr2_Pos9055754_G,Chr2_Pos9055835_T,Chr2_Pos9070665_G,Chr2_Pos9093583_G,Chr2_Pos9571880_T,Chr3_Pos10149212_G,Chr3_Pos11304277_G,Chr3_Pos11351996_G
9390	Chr2_Pos9055293_T,Chr2_Pos9055428_C,Chr2_Pos9055754_A,Chr2_Pos9055835_A,Chr2_Pos9070665_G,Chr2_Pos9093583_G,Chr2_Pos9571880_T,Chr3_Pos10149212_G,Chr3_Pos11304277_T,Chr3_Pos11351996_T
6150	Chr2_Pos9055293_T,Chr2_Pos9055428_C,Chr2_Pos9055754_A,Chr2_Pos9055835_A,Chr2_Pos9070665_G,Chr2_Pos9093583_G,Chr2_Pos9571880_T,Chr3_Pos10149212_G,Chr3_Pos11304277_G,Chr3_Pos11351996_T
6151	Chr2_Pos9055293_T,Chr2_Pos9055428_C,Chr2_Pos9055754_A,Chr2_Pos9055835_A,Chr2_Pos9070665_T,Chr2_Pos9093583_C,Chr2_Pos9571880_T,Chr3_Pos10149212_G,Chr3_Pos11304277_T,Chr3_Pos11351996_T
6917	Chr2_Pos9055293_T,Chr2_Pos9055428_C,Chr2_Pos9055754_A,Chr2_Pos9055835_A,Chr2_Pos9070665_G,Chr2_Pos9093583_G,Chr2_Pos9571880_C,Chr3_Pos10149212_G,Chr3_Pos11304277_T,Chr3_Pos11351996_T
6154	Chr2_Pos9055293_T,Chr2_Pos9055428_C,Chr2_Pos9055754_A,Chr2_Pos9055835_A,Chr2_Pos9070665_G,Chr2_Pos9093583_G,Chr2_Pos9571880_C,Chr3_Pos10149212_G,Chr3_Pos11304277_T,Chr3_Pos11351996_G
8334	Chr2_Pos9055293_T,Chr2_Pos9055428_C,Chr2_Pos9055754_A,Chr2_Pos9055835_A,Chr2_Pos9070665_G,Chr2_Pos9093583_G,Chr2_Pos9571880_C,Chr3_Pos10149212_G,Chr3_Pos11304277_T,Chr3_Pos11351996_T
6913	Chr2_Pos9055293_T,Chr2_Pos9055428_G,Chr2_Pos9055754_A,Chr2_Pos9055835_A,Chr2_Pos9070665_G,Chr2_Pos9093583_G,Chr2_Pos9571880_C,Chr3_Pos10149212_G,Chr3_Pos11304277_T,Chr3_Pos11351996_G
6090	Chr2_Pos9055293_T,Chr2_Pos9055428_C,Chr2_Pos9055754_A,Chr2_Pos9055835_A,Chr2_Pos9070665_G,Chr2_Pos9093583_G,Chr2_Pos9571880_T,Chr3_Pos10149212_T,Chr3_Pos11304277_T,Chr3_Pos11351996_T
6092	Chr2_Pos9055293_T,Chr2_Pos9055428_C,Chr2_Pos9055754_A,Chr2_Pos9055835_A,Chr2_Pos9070665_T,Chr2_Pos9093583_C,Chr2_Pos9571880_C,Chr3_Pos10149212_G,Chr3_Pos11304277_T,Chr3_Pos11351996_T
6918	Chr2_Pos9055293_T,Chr2_Pos9055428_C,Chr2_Pos9055754_A,Chr2_Pos9055835_A,Chr2_Pos9070665_G,Chr2_Pos9093583_G,Chr2_Pos9571880_C,Chr3_Pos10149212_G,Chr3_Pos11304277_T,Chr3_Pos11351996_T
6919	Chr2_Pos9055293_T,Chr2_Pos9055428_C,Chr2_Pos9055754_A,Chr2_Pos9055835_A,Chr2_Pos9070665_G,Chr2_Pos9093583_G,Chr2_Pos9571880_T,Chr3_Pos10149212_G,Chr3_Pos11304277_G,Chr3_Pos11351996_T
6097	Chr2_Pos9055293_T,Chr2_Pos9055428_C,Chr2_Pos9055754_A,Chr2_Pos9055835_A,Chr2_Pos9070665_G,Chr2_Pos9093583_G,Chr2_Pos9571880_C,Chr3_Pos10149212_G,Chr3_Pos11304277_T,Chr3_Pos11351996_T
7255	Chr2_Pos9055293_T,Chr2_Pos9055428_C,Chr2_Pos9055754_A,Chr2_Pos9055835_A,Chr2_Pos9070665_G,Chr2_Pos9093583_G,Chr2_Pos9571880_T,Chr3_Pos10149212_G,Chr3_Pos11304277_T,Chr3_Pos11351996_G
6013	Chr2_Pos9055293_T,Chr2_Pos9055428_C,Chr2_Pos9055754_A,Chr2_Pos9055835_A,Chr2_Pos9070665_G,Chr2_Pos9093583_G,Chr2_Pos9571880_C,Chr3_Pos10149212_T,Chr3_Pos11304277_G,Chr3_Pos11351996_G
6012	Chr2_Pos9055293_T,Chr2_Pos9055428_C,Chr2_Pos9055754_A,Chr2_Pos9055835_A,Chr2_Pos9070665_G,Chr2_Pos9093583_G,Chr2_Pos9571880_C,Chr3_Pos10149212_T,Chr3_Pos11304277_G,Chr3_Pos11351996_G
6017	Chr2_Pos9055293_T,Chr2_Pos9055428_C,Chr2_Pos9055754_A,Chr2_Pos9055835_A,Chr2_Pos9070665_G,Chr2_Pos9093583_G,Chr2_Pos9571880_C,Chr3_Pos10149212_G,Chr3_Pos11304277_G,Chr3_Pos11351996_T
6016	Chr2_Pos9055293_T,Chr2_Pos9055428_C,Chr2_Pos9055754_A,Chr2_Pos9055835_A,Chr2_Pos9070665_G,Chr2_Pos9093583_G,Chr2_Pos9571880_C,Chr3_Pos10149212_T,Chr3_Pos11304277_G,Chr3_Pos11351996_G
6019	Chr2_Pos9055293_T,Chr2_Pos9055428_C,Chr2_Pos9055754_A,Chr2_Pos9055835_A,Chr2_Pos9070665_T,Chr2_Pos9093583_C,Chr2_Pos9571880_C,Chr3_Pos10149212_T,Chr3_Pos11304277_T,Chr3_Pos11351996_T
7316	Chr2_Pos9055293_C,Chr2_Pos9055428_G,Chr2_Pos9055754_G,Chr2_Pos9055835_T,Chr2_Pos9070665_G,Chr2_Pos9093583_G,Chr2_Pos9571880_C,Chr3_Pos10149212_G,Chr3_Pos11304277_G,Chr3_Pos11351996_G
5856	Chr2_Pos9055293_T,Chr2_Pos9055428_C,Chr2_Pos9055754_A,Chr2_Pos9055835_A,Chr2_Pos9070665_G,Chr2_Pos9093583_G,Chr2_Pos9571880_C,Chr3_Pos10149212_G,Chr3_Pos11304277_G,Chr3_Pos11351996_T
6258	Chr2_Pos9055293_C,Chr2_Pos9055428_G,Chr2_Pos9055754_G,Chr2_Pos9055835_T,Chr2_Pos9070665_G,Chr2_Pos9093583_G,Chr2_Pos9571880_C,Chr3_Pos10149212_G,Chr3_Pos11304277_T,Chr3_Pos11351996_T
9427	Chr2_Pos9055293_T,Chr2_Pos9055428_C,Chr2_Pos9055754_A,Chr2_Pos9055835_A,Chr2_Pos9070665_G,Chr2_Pos9093583_G,Chr2_Pos9571880_C,Chr3_Pos10149212_T,Chr3_Pos11304277_T,Chr3_Pos11351996_G
7206	Chr2_Pos9055293_T,Chr2_Pos9055428_C,Chr2_Pos9055754_A,Chr2_Pos9055835_A,Chr2_Pos9070665_G,Chr2_Pos9093583_G,Chr2_Pos9571880_T,Chr3_Pos10149212_T,Chr3_Pos11304277_G,Chr3_Pos11351996_T
6255	Chr2_Pos9055293_T,Chr2_Pos9055428_C,Chr2_Pos9055754_A,Chr2_Pos9055835_A,Chr2_Pos9070665_G,Chr2_Pos9093583_G,Chr2_Pos9571880_C,Chr3_Pos10149212_T,Chr3_Pos11304277_T,Chr3_Pos11351996_T
8231	Chr2_Pos9055293_T,Chr2_Pos9055428_C,Chr2_Pos9055754_A,Chr2_Pos9055835_A,Chr2_Pos9070665_T,Chr2_Pos9093583_C,Chr2_Pos9571880_C,Chr3_Pos10149212_G,Chr3_Pos11304277_T,Chr3_Pos11351996_T
8230	Chr2_Pos9055293_T,Chr2_Pos9055428_C,Chr2_Pos9055754_A,Chr2_Pos9055835_A,Chr2_Pos9070665_T,Chr2_Pos9093583_C,Chr2_Pos9571880_C,Chr3_Pos10149212_G,Chr3_Pos11304277_T,Chr3_Pos11351996_T
8237	Chr2_Pos9055293_T,Chr2_Pos9055428_C,Chr2_Pos9055754_A,Chr2_Pos9055835_A,Chr2_Pos9070665_T,Chr2_Pos9093583_C,Chr2_Pos9571880_C,Chr3_Pos10149212_G,Chr3_Pos11304277_T,Chr3_Pos11351996_T
6983	Chr2_Pos9055293_C,Chr2_Pos9055428_G,Chr2_Pos9055754_G,Chr2_Pos9055835_T,Chr2_Pos9070665_G,Chr2_Pos9093583_G,Chr2_Pos9571880_T,Chr3_Pos10149212_G,Chr3_Pos11304277_T,Chr3_Pos11351996_G
6982	Chr2_Pos9055293_T,Chr2_Pos9055428_C,Chr2_Pos9055754_A,Chr2_Pos9055835_A,Chr2_Pos9070665_G,Chr2_Pos9093583_G,Chr2_Pos9571880_T,Chr3_Pos10149212_T,Chr3_Pos11304277_T,Chr3_Pos11351996_T
6981	Chr2_Pos9055293_C,Chr2_Pos9055428_G,Chr2_Pos9055754_G,Chr2_Pos9055835_T,Chr2_Pos9070665_G,Chr2_Pos9093583_G,Chr2_Pos9571880_T,Chr3_Pos10149212_G,Chr3_Pos11304277_G,Chr3_Pos11351996_G
6142	Chr2_Pos9055293_T,Chr2_Pos9055428_C,Chr2_Pos9055754_A,Chr2_Pos9055835_A,Chr2_Pos9070665_G,Chr2_Pos9093583_G,Chr2_Pos9571880_C,Chr3_Pos10149212_G,Chr3_Pos11304277_T,Chr3_Pos11351996_T
6140	Chr2_Pos9055293_T,Chr2_Pos9055428_C,Chr2_Pos9055754_A,Chr2_Pos9055835_A,Chr2_Pos9070665_G,Chr2_Pos9093583_G,Chr2_Pos9571880_T,Chr3_Pos10149212_G,Chr3_Pos11304277_G,Chr3_Pos11351996_T
6903	Chr2_Pos9055293_T,Chr2_Pos9055428_C,Chr2_Pos9055754_A,Chr2_Pos9055835_A,Chr2_Pos9070665_G,Chr2_Pos9093583_G,Chr2_Pos9571880_T,Chr3_Pos10149212_T,Chr3_Pos11304277_T,Chr3_Pos11351996_T
6145	Chr2_Pos9055293_T,Chr2_Pos9055428_C,Chr2_Pos9055754_A,Chr2_Pos9055835_A,Chr2_Pos9070665_T,Chr2_Pos9093583_C,Chr2_Pos9571880_C,Chr3_Pos10149212_G,Chr3_Pos11304277_G,Chr3_Pos11351996_T
6900	Chr2_Pos9055293_T,Chr2_Pos9055428_C,Chr2_Pos9055754_A,Chr2_Pos9055835_A,Chr2_Pos9070665_T,Chr2_Pos9093583_C,Chr2_Pos9571880_C,Chr3_Pos10149212_G,Chr3_Pos11304277_T,Chr3_Pos11351996_G
6148	Chr2_Pos9055293_T,Chr2_Pos9055428_C,Chr2_Pos9055754_A,Chr2_Pos9055835_A,Chr2_Pos9070665_T,Chr2_Pos9093583_C,Chr2_Pos9571880_C,Chr3_Pos10149212_G,Chr3_Pos11304277_G,Chr3_Pos11351996_G
7014	Chr2_Pos9055293_T,Chr2_Pos9055428_C,Chr2_Pos9055754_A,Chr2_Pos9055835_A,Chr2_Pos9070665_G,Chr2_Pos9093583_G,Chr2_Pos9571880_T,Chr3_Pos10149212_G,Chr3_Pos11304277_T,Chr3_Pos11351996_T
6217	Chr2_Pos9055293_T,Chr2_Pos9055428_C,Chr2_Pos9055754_A,Chr2_Pos9055835_A,Chr2_Pos9070665_G,Chr2_Pos9093583_G,Chr2_Pos9571880_C,Chr3_Pos10149212_G,Chr3_Pos11304277_G,Chr3_Pos11351996_T
9386	Chr2_Pos9055293_T,Chr2_Pos9055428_C,Chr2_Pos9055754_A,Chr2_Pos9055835_A,Chr2_Pos9070665_T,Chr2_Pos9093583_C,Chr2_Pos9571880_C,Chr3_Pos10149212_G,Chr3_Pos11304277_T,Chr3_Pos11351996_T
7244	Chr2_Pos9055293_C,Chr2_Pos9055428_G,Chr2_Pos9055754_G,Chr2_Pos9055835_T,Chr2_Pos9070665_G,Chr2_Pos9093583_G,Chr2_Pos9571880_T,Chr3_Pos10149212_G,Chr3_Pos11304277_G,Chr3_Pos11351996_G
9382	Chr2_Pos9055293_T,Chr2_Pos9055428_C,Chr2_Pos9055754_A,Chr2_Pos9055835_A,Chr2_Pos9070665_T,Chr2_Pos9093583_C,Chr2_Pos9571880_C,Chr3_Pos10149212_T,Chr3_Pos11304277_T,Chr3_Pos11351996_G
6216	Chr2_Pos9055293_T,Chr2_Pos9055428_C,Chr2_Pos9055754_A,Chr2_Pos9055835_A,Chr2_Pos9070665_G,Chr2_Pos9093583_G,Chr2_Pos9571880_C,Chr3_Pos10149212_G,Chr3_Pos11304277_T,Chr3_Pos11351996_T
9388	Chr2_Pos9055293_T,Chr2_Pos9055428_C,Chr2_Pos9055754_A,Chr2_Pos9055835_A,Chr2_Pos9070665_G,Chr2_Pos9093583_G,Chr2_Pos9571880_C,Chr3_Pos10149212_G,Chr3_Pos11304277_T,Chr3_Pos11351996_T
6268	Chr2_Pos9055293_T,Chr2_Pos9055428_C,Chr2_Pos9055754_A,Chr2_Pos9055835_A,Chr2_Pos9070665_G,Chr2_Pos9093583_G,Chr2_Pos9571880_C,Chr3_Pos10149212_T,Chr3_Pos11304277_T,Chr3_Pos11351996_T
6064	Chr2_Pos9055293_T,Chr2_Pos9055428_C,Chr2_Pos9055754_A,Chr2_Pos9055835_A,Chr2_Pos9070665_G,Chr2_Pos9093583_G,Chr2_Pos9571880_C,Chr3_Pos10149212_G,Chr3_Pos11304277_G,Chr3_Pos11351996_T
9454	Chr2_Pos9055293_T,Chr2_Pos9055428_C,Chr2_Pos9055754_A,Chr2_Pos9055835_A,Chr2_Pos9070665_T,Chr2_Pos9093583_C,Chr2_Pos9571880_C,Chr3_Pos10149212_T,Chr3_Pos11304277_T,Chr3_Pos11351996_T
6922	Chr2_Pos9055293_C,Chr2_Pos9055428_G,Chr2_Pos9055754_G,Chr2_Pos9055835_T,Chr2_Pos9070665_G,Chr2_Pos9093583_G,Chr2_Pos9571880_T,Chr3_Pos10149212_T,Chr3_Pos11304277_G,Chr3_Pos11351996_G
6069	Chr2_Pos9055293_T,Chr2_Pos9055428_C,Chr2_Pos9055754_A,Chr2_Pos9055835_A,Chr2_Pos9070665_G,Chr2_Pos9093583_G,Chr2_Pos9571880_C,Chr3_Pos10149212_G,Chr3_Pos11304277_T,Chr3_Pos11351996_T
6210	Chr2_Pos9055293_T,Chr2_Pos9055428_C,Chr2_Pos9055754_A,Chr2_Pos9055835_A,Chr2_Pos9070665_G,Chr2_Pos9093583_G,Chr2_Pos9571880_C,Chr3_Pos10149212_G,Chr3_Pos11304277_G,Chr3_Pos11351996_G
9421	Chr2_Pos9055293_T,Chr2_Pos9055428_C,Chr2_Pos9055754_A,Chr2_Pos9055835_A,Chr2_Pos9070665_T,Chr2_Pos9093583_C,Chr2_Pos9571880_C,Chr3_Pos10149212_G,Chr3_Pos11304277_T,Chr3_Pos11351996_T
7026	Chr2_Pos9055293_C,Chr2_Pos9055428_G,Chr2_Pos9055754_G,Chr2_Pos9055835_T,Chr2_Pos9070665_G,Chr2_Pos9093583_C,Chr2_Pos9571880_T,Chr3_Pos10149212_G,Chr3_Pos11304277_G,Chr3_Pos11351996_T
6177	Chr2_Pos9055293_T,Chr2_Pos9055428_C,Chr2_Pos9055754_A,Chr2_Pos9055835_A,Chr2_Pos9070665_T,Chr2_Pos9093583_C,Chr2_Pos9571880_C,Chr3_Pos10149212_G,Chr3_Pos11304277_T,Chr3_Pos11351996_T
6174	Chr2_Pos9055293_T,Chr2_Pos9055428_C,Chr2_Pos9055754_A,Chr2_Pos9055835_A,Chr2_Pos9070665_G,Chr2_Pos9093583_G,Chr2_Pos9571880_C,Chr3_Pos10149212_T,Chr3_Pos11304277_G,Chr3_Pos11351996_G
6172	Chr2_Pos9055293_T,Chr2_Pos9055428_C,Chr2_Pos9055754_A,Chr2_Pos9055835_A,Chr2_Pos9070665_G,Chr2_Pos9093583_G,Chr2_Pos9571880_C,Chr3_Pos10149212_T,Chr3_Pos11304277_G,Chr3_Pos11351996_G
6173	Chr2_Pos9055293_T,Chr2_Pos9055428_C,Chr2_Pos9055754_A,Chr2_Pos9055835_A,Chr2_Pos9070665_G,Chr2_Pos9093583_G,Chr2_Pos9571880_C,Chr3_Pos10149212_G,Chr3_Pos11304277_G,Chr3_Pos11351996_G
6171	Chr2_Pos9055293_T,Chr2_Pos9055428_C,Chr2_Pos9055754_A,Chr2_Pos9055835_A,Chr2_Pos9070665_G,Chr2_Pos9093583_G,Chr2_Pos9571880_C,Chr3_Pos10149212_G,Chr3_Pos11304277_G,Chr3_Pos11351996_T
1435	Chr2_Pos9055293_T,Chr2_Pos9055428_C,Chr2_Pos9055754_A,Chr2_Pos9055835_A,Chr2_Pos9070665_G,Chr2_Pos9093583_G,Chr2_Pos9571880_C,Chr3_Pos10149212_G,Chr3_Pos11304277_G,Chr3_Pos11351996_G
9391	Chr2_Pos9055293_T,Chr2_Pos9055428_C,Chr2_Pos9055754_A,Chr2_Pos9055835_A,Chr2_Pos9070665_G,Chr2_Pos9093583_G,Chr2_Pos9571880_T,Chr3_Pos10149212_G,Chr3_Pos11304277_G,Chr3_Pos11351996_G
6276	Chr2_Pos9055293_T,Chr2_Pos9055428_C,Chr2_Pos9055754_A,Chr2_Pos9055835_A,Chr2_Pos9070665_G,Chr2_Pos9093583_G,Chr2_Pos9571880_C,Chr3_Pos10149212_T,Chr3_Pos11304277_T,Chr3_Pos11351996_T
9399	Chr2_Pos9055293_T,Chr2_Pos9055428_C,Chr2_Pos9055754_A,Chr2_Pos9055835_A,Chr2_Pos9070665_T,Chr2_Pos9093583_C,Chr2_Pos9571880_C,Chr3_Pos10149212_G,Chr3_Pos11304277_G,Chr3_Pos11351996_G
7143	Chr2_Pos9055293_C,Chr2_Pos9055428_G,Chr2_Pos9055754_G,Chr2_Pos9055835_T,Chr2_Pos9070665_G,Chr2_Pos9093583_G,Chr2_Pos9571880_T,Chr3_Pos10149212_G,Chr3_Pos11304277_G,Chr3_Pos11351996_G
6076	Chr2_Pos9055293_T,Chr2_Pos9055428_C,Chr2_Pos9055754_A,Chr2_Pos9055835_T,Chr2_Pos9070665_G,Chr2_Pos9093583_G,Chr2_Pos9571880_C,Chr3_Pos10149212_T,Chr3_Pos11304277_T,Chr3_Pos11351996_T
9412	Chr2_Pos9055293_T,Chr2_Pos9055428_C,Chr2_Pos9055754_A,Chr2_Pos9055835_A,Chr2_Pos9070665_G,Chr2_Pos9093583_G,Chr2_Pos9571880_C,Chr3_Pos10149212_G,Chr3_Pos11304277_G,Chr3_Pos11351996_G
6074	Chr2_Pos9055293_T,Chr2_Pos9055428_C,Chr2_Pos9055754_A,Chr2_Pos9055835_A,Chr2_Pos9070665_T,Chr2_Pos9093583_C,Chr2_Pos9571880_C,Chr3_Pos10149212_G,Chr3_Pos11304277_T,Chr3_Pos11351996_T
6073	Chr2_Pos9055293_T,Chr2_Pos9055428_C,Chr2_Pos9055754_A,Chr2_Pos9055835_A,Chr2_Pos9070665_G,Chr2_Pos9093583_G,Chr2_Pos9571880_C,Chr3_Pos10149212_G,Chr3_Pos11304277_T,Chr3_Pos11351996_T
6071	Chr2_Pos9055293_T,Chr2_Pos9055428_C,Chr2_Pos9055754_A,Chr2_Pos9055835_A,Chr2_Pos9070665_G,Chr2_Pos9093583_G,Chr2_Pos9571880_C,Chr3_Pos10149212_G,Chr3_Pos11304277_T,Chr3_Pos11351996_T
1002	Chr2_Pos9055293_T,Chr2_Pos9055428_C,Chr2_Pos9055754_A,Chr2_Pos9055835_A,Chr2_Pos9070665_T,Chr2_Pos9093583_C,Chr2_Pos9571880_C,Chr3_Pos10149212_G,Chr3_Pos11304277_G,Chr3_Pos11351996_T
8283	Chr2_Pos9055293_C,Chr2_Pos9055428_G,Chr2_Pos9055754_G,Chr2_Pos9055835_T,Chr2_Pos9070665_G,Chr2_Pos9093583_G,Chr2_Pos9571880_T,Chr3_Pos10149212_G,Chr3_Pos11304277_T,Chr3_Pos11351996_T
7351	Chr2_Pos9055293_C,Chr2_Pos9055428_G,Chr2_Pos9055754_G,Chr2_Pos9055835_T,Chr2_Pos9070665_G,Chr2_Pos9093583_G,Chr2_Pos9571880_C,Chr3_Pos10149212_T,Chr3_Pos11304277_G,Chr3_Pos11351996_T
8213	Chr2_Pos9055293_T,Chr2_Pos9055428_G,Chr2_Pos9055754_G,Chr2_Pos9055835_T,Chr2_Pos9070665_G,Chr2_Pos9093583_G,Chr2_Pos9571880_T,Chr3_Pos10149212_T,Chr3_Pos11304277_G,Chr3_Pos11351996_G
6169	Chr2_Pos9055293_T,Chr2_Pos9055428_C,Chr2_Pos9055754_A,Chr2_Pos9055835_A,Chr2_Pos9070665_G,Chr2_Pos9093583_G,Chr2_Pos9571880_C,Chr3_Pos10149212_G,Chr3_Pos11304277_G,Chr3_Pos11351996_G
7344	Chr2_Pos9055293_T,Chr2_Pos9055428_C,Chr2_Pos9055754_A,Chr2_Pos9055835_A,Chr2_Pos9070665_G,Chr2_Pos9093583_G,Chr2_Pos9571880_T,Chr3_Pos10149212_T,Chr3_Pos11304277_G,Chr3_Pos11351996_G
6929	Chr2_Pos9055293_C,Chr2_Pos9055428_G,Chr2_Pos9055754_G,Chr2_Pos9055835_T,Chr2_Pos9070665_G,Chr2_Pos9093583_C,Chr2_Pos9571880_C,Chr3_Pos10149212_T,Chr3_Pos11304277_G,Chr3_Pos11351996_T
7343	Chr2_Pos9055293_C,Chr2_Pos9055428_G,Chr2_Pos9055754_G,Chr2_Pos9055835_T,Chr2_Pos9070665_G,Chr2_Pos9093583_G,Chr2_Pos9571880_T,Chr3_Pos10149212_G,Chr3_Pos11304277_G,Chr3_Pos11351996_G
9323	Chr2_Pos9055293_T,Chr2_Pos9055428_C,Chr2_Pos9055754_A,Chr2_Pos9055835_A,Chr2_Pos9070665_G,Chr2_Pos9093583_G,Chr2_Pos9571880_C,Chr3_Pos10149212_G,Chr3_Pos11304277_G,Chr3_Pos11351996_G
6163	Chr2_Pos9055293_T,Chr2_Pos9055428_C,Chr2_Pos9055754_A,Chr2_Pos9055835_A,Chr2_Pos9070665_G,Chr2_Pos9093583_G,Chr2_Pos9571880_C,Chr3_Pos10149212_G,Chr3_Pos11304277_T,Chr3_Pos11351996_G
6926	Chr2_Pos9055293_C,Chr2_Pos9055428_G,Chr2_Pos9055754_G,Chr2_Pos9055835_T,Chr2_Pos9070665_G,Chr2_Pos9093583_C,Chr2_Pos9571880_T,Chr3_Pos10149212_T,Chr3_Pos11304277_T,Chr3_Pos11351996_T
6921	Chr2_Pos9055293_C,Chr2_Pos9055428_G,Chr2_Pos9055754_G,Chr2_Pos9055835_T,Chr2_Pos9070665_G,Chr2_Pos9093583_G,Chr2_Pos9571880_T,Chr3_Pos10149212_T,Chr3_Pos11304277_G,Chr3_Pos11351996_G
6938	Chr2_Pos9055293_C,Chr2_Pos9055428_G,Chr2_Pos9055754_G,Chr2_Pos9055835_T,Chr2_Pos9070665_T,Chr2_Pos9093583_G,Chr2_Pos9571880_C,Chr3_Pos10149212_T,Chr3_Pos11304277_G,Chr3_Pos11351996_G
6166	Chr2_Pos9055293_T,Chr2_Pos9055428_C,Chr2_Pos9055754_A,Chr2_Pos9055835_A,Chr2_Pos9070665_G,Chr2_Pos9093583_G,Chr2_Pos9571880_C,Chr3_Pos10149212_G,Chr3_Pos11304277_T,Chr3_Pos11351996_G
7092	Chr2_Pos9055293_C,Chr2_Pos9055428_G,Chr2_Pos9055754_G,Chr2_Pos9055835_T,Chr2_Pos9070665_G,Chr2_Pos9093583_C,Chr2_Pos9571880_T,Chr3_Pos10149212_T,Chr3_Pos11304277_G,Chr3_Pos11351996_T
9402	Chr2_Pos9055293_T,Chr2_Pos9055428_C,Chr2_Pos9055754_A,Chr2_Pos9055835_A,Chr2_Pos9070665_G,Chr2_Pos9093583_G,Chr2_Pos9571880_C,Chr3_Pos10149212_T,Chr3_Pos11304277_T,Chr3_Pos11351996_T
6284	Chr2_Pos9055293_T,Chr2_Pos9055428_C,Chr2_Pos9055754_A,Chr2_Pos9055835_A,Chr2_Pos9070665_T,Chr2_Pos9093583_C,Chr2_Pos9571880_C,Chr3_Pos10149212_G,Chr3_Pos11304277_T,Chr3_Pos11351996_T
8386	Chr2_Pos9055293_C,Chr2_Pos9055428_G,Chr2_Pos9055754_G,Chr2_Pos9055835_T,Chr2_Pos9070665_G,Chr2_Pos9093583_G,Chr2_Pos9571880_T,Chr3_Pos10149212_T,Chr3_Pos11304277_T,Chr3_Pos11351996_T
6042	Chr2_Pos9055293_T,Chr2_Pos9055428_C,Chr2_Pos9055754_A,Chr2_Pos9055835_A,Chr2_Pos9070665_G,Chr2_Pos9093583_G,Chr2_Pos9571880_T,Chr3_Pos10149212_G,Chr3_Pos11304277_T,Chr3_Pos11351996_T
6043	Chr2_Pos9055293_T,Chr2_Pos9055428_C,Chr2_Pos9055754_A,Chr2_Pos9055835_A,Chr2_Pos9070665_G,Chr2_Pos9093583_G,Chr2_Pos9571880_C,Chr3_Pos10149212_G,Chr3_Pos11304277_T,Chr3_Pos11351996_G
6040	Chr2_Pos9055293_T,Chr2_Pos9055428_C,Chr2_Pos9055754_A,Chr2_Pos9055835_A,Chr2_Pos9070665_G,Chr2_Pos9093583_G,Chr2_Pos9571880_C,Chr3_Pos10149212_G,Chr3_Pos11304277_T,Chr3_Pos11351996_T
6041	Chr2_Pos9055293_C,Chr2_Pos9055428_G,Chr2_Pos9055754_G,Chr2_Pos9055835_T,Chr2_Pos9070665_G,Chr2_Pos9093583_G,Chr2_Pos9571880_T,Chr3_Pos10149212_T,Chr3_Pos11304277_T,Chr3_Pos11351996_T
6046	Chr2_Pos9055293_T,Chr2_Pos9055428_C,Chr2_Pos9055754_A,Chr2_Pos9055835_A,Chr2_Pos9070665_G,Chr2_Pos9093583_G,Chr2_Pos9571880_C,Chr3_Pos10149212_G,Chr3_Pos11304277_T,Chr3_Pos11351996_G
6201	Chr2_Pos9055293_T,Chr2_Pos9055428_C,Chr2_Pos9055754_A,Chr2_Pos9055835_A,Chr2_Pos9070665_G,Chr2_Pos9093583_G,Chr2_Pos9571880_C,Chr3_Pos10149212_G,Chr3_Pos11304277_T,Chr3_Pos11351996_T
6202	Chr2_Pos9055293_T,Chr2_Pos9055428_C,Chr2_Pos9055754_A,Chr2_Pos9055835_A,Chr2_Pos9070665_G,Chr2_Pos9093583_G,Chr2_Pos9571880_C,Chr3_Pos10149212_G,Chr3_Pos11304277_T,Chr3_Pos11351996_T
9404	Chr2_Pos9055293_T,Chr2_Pos9055428_C,Chr2_Pos9055754_A,Chr2_Pos9055835_A,Chr2_Pos9070665_T,Chr2_Pos9093583_C,Chr2_Pos9571880_C,Chr3_Pos10149212_T,Chr3_Pos11304277_G,Chr3_Pos11351996_T
9407	Chr2_Pos9055293_T,Chr2_Pos9055428_C,Chr2_Pos9055754_A,Chr2_Pos9055835_A,Chr2_Pos9070665_T,Chr2_Pos9093583_C,Chr2_Pos9571880_C,Chr3_Pos10149212_T,Chr3_Pos11304277_G,Chr3_Pos11351996_T
5867	Chr2_Pos9055293_T,Chr2_Pos9055428_C,Chr2_Pos9055754_A,Chr2_Pos9055835_A,Chr2_Pos9070665_G,Chr2_Pos9093583_G,Chr2_Pos9571880_C,Chr3_Pos10149212_G,Chr3_Pos11304277_T,Chr3_Pos11351996_T
9408	Chr2_Pos9055293_T,Chr2_Pos9055428_C,Chr2_Pos9055754_A,Chr2_Pos9055835_A,Chr2_Pos9070665_T,Chr2_Pos9093583_C,Chr2_Pos9571880_T,Chr3_Pos10149212_T,Chr3_Pos11304277_G,Chr3_Pos11351996_T
6209	Chr2_Pos9055293_T,Chr2_Pos9055428_C,Chr2_Pos9055754_A,Chr2_Pos9055835_A,Chr2_Pos9070665_G,Chr2_Pos9093583_G,Chr2_Pos9571880_C,Chr3_Pos10149212_T,Chr3_Pos11304277_G,Chr3_Pos11351996_G
8376	Chr2_Pos9055293_T,Chr2_Pos9055428_C,Chr2_Pos9055754_A,Chr2_Pos9055835_A,Chr2_Pos9070665_T,Chr2_Pos9093583_C,Chr2_Pos9571880_C,Chr3_Pos10149212_T,Chr3_Pos11304277_T,Chr3_Pos11351996_T
9405	Chr2_Pos9055293_T,Chr2_Pos9055428_C,Chr2_Pos9055754_A,Chr2_Pos9055835_A,Chr2_Pos9070665_T,Chr2_Pos9093583_C,Chr2_Pos9571880_C,Chr3_Pos10149212_T,Chr3_Pos11304277_T,Chr3_Pos11351996_T
5837	Chr2_Pos9055293_C,Chr2_Pos9055428_G,Chr2_Pos9055754_G,Chr2_Pos9055835_T,Chr2_Pos9070665_G,Chr2_Pos9093583_G,Chr2_Pos9571880_T,Chr3_Pos10149212_T,Chr3_Pos11304277_T,Chr3_Pos11351996_T
9481	Chr2_Pos9055293_T,Chr2_Pos9055428_C,Chr2_Pos9055754_A,Chr2_Pos9055835_A,Chr2_Pos9070665_T,Chr2_Pos9093583_G,Chr2_Pos9571880_T,Chr3_Pos10149212_G,Chr3_Pos11304277_T,Chr3_Pos11351996_T
9451	Chr2_Pos9055293_T,Chr2_Pos9055428_C,Chr2_Pos9055754_A,Chr2_Pos9055835_A,Chr2_Pos9070665_T,Chr2_Pos9093583_C,Chr2_Pos9571880_C,Chr3_Pos10149212_G,Chr3_Pos11304277_T,Chr3_Pos11351996_T
6958	Chr2_Pos9055293_C,Chr2_Pos9055428_G,Chr2_Pos9055754_G,Chr2_Pos9055835_T,Chr2_Pos9070665_G,Chr2_Pos9093583_G,Chr2_Pos9571880_C,Chr3_Pos10149212_T,Chr3_Pos11304277_G,Chr3_Pos11351996_G
7378	Chr2_Pos9055293_T,Chr2_Pos9055428_C,Chr2_Pos9055754_A,Chr2_Pos9055835_A,Chr2_Pos9070665_G,Chr2_Pos9093583_G,Chr2_Pos9571880_T,Chr3_Pos10149212_T,Chr3_Pos11304277_T,Chr3_Pos11351996_T
6951	Chr2_Pos9055293_T,Chr2_Pos9055428_C,Chr2_Pos9055754_A,Chr2_Pos9055835_A,Chr2_Pos9070665_G,Chr2_Pos9093583_G,Chr2_Pos9571880_T,Chr3_Pos10149212_T,Chr3_Pos11304277_T,Chr3_Pos11351996_G
7002	Chr2_Pos9055293_T,Chr2_Pos9055428_C,Chr2_Pos9055754_A,Chr2_Pos9055835_A,Chr2_Pos9070665_T,Chr2_Pos9093583_C,Chr2_Pos9571880_T,Chr3_Pos10149212_T,Chr3_Pos11304277_T,Chr3_Pos11351996_T
9409	Chr2_Pos9055293_T,Chr2_Pos9055428_C,Chr2_Pos9055754_A,Chr2_Pos9055835_A,Chr2_Pos9070665_T,Chr2_Pos9093583_C,Chr2_Pos9571880_C,Chr3_Pos10149212_G,Chr3_Pos11304277_T,Chr3_Pos11351996_T
7031	Chr2_Pos9055293_T,Chr2_Pos9055428_C,Chr2_Pos9055754_A,Chr2_Pos9055835_A,Chr2_Pos9070665_G,Chr2_Pos9093583_G,Chr2_Pos9571880_C,Chr3_Pos10149212_G,Chr3_Pos11304277_G,Chr3_Pos11351996_T
6114	Chr2_Pos9055293_C,Chr2_Pos9055428_C,Chr2_Pos9055754_G,Chr2_Pos9055835_T,Chr2_Pos9070665_T,Chr2_Pos9093583_G,Chr2_Pos9571880_T,Chr3_Pos10149212_G,Chr3_Pos11304277_T,Chr3_Pos11351996_T
7163	Chr2_Pos9055293_C,Chr2_Pos9055428_G,Chr2_Pos9055754_A,Chr2_Pos9055835_A,Chr2_Pos9070665_T,Chr2_Pos9093583_C,Chr2_Pos9571880_T,Chr3_Pos10149212_T,Chr3_Pos11304277_G,Chr3_Pos11351996_T
5831	Chr2_Pos9055293_T,Chr2_Pos9055428_C,Chr2_Pos9055754_A,Chr2_Pos9055835_A,Chr2_Pos9070665_T,Chr2_Pos9093583_C,Chr2_Pos9571880_C,Chr3_Pos10149212_G,Chr3_Pos11304277_G,Chr3_Pos11351996_G
7166	Chr2_Pos9055293_C,Chr2_Pos9055428_G,Chr2_Pos9055754_G,Chr2_Pos9055835_T,Chr2_Pos9070665_G,Chr2_Pos9093583_G,Chr2_Pos9571880_T,Chr3_Pos10149212_G,Chr3_Pos11304277_G,Chr3_Pos11351996_G
6111	Chr2_Pos9055293_C,Chr2_Pos9055428_G,Chr2_Pos9055754_G,Chr2_Pos9055835_T,Chr2_Pos9070665_T,Chr2_Pos9093583_G,Chr2_Pos9571880_C,Chr3_Pos10149212_G,Chr3_Pos11304277_T,Chr3_Pos11351996_T
6112	Chr2_Pos9055293_T,Chr2_Pos9055428_C,Chr2_Pos9055754_A,Chr2_Pos9055835_A,Chr2_Pos9070665_T,Chr2_Pos9093583_C,Chr2_Pos9571880_T,Chr3_Pos10149212_G,Chr3_Pos11304277_T,Chr3_Pos11351996_T
6194	Chr2_Pos9055293_T,Chr2_Pos9055428_C,Chr2_Pos9055754_A,Chr2_Pos9055835_A,Chr2_Pos9070665_T,Chr2_Pos9093583_C,Chr2_Pos9571880_T,Chr3_Pos10149212_G,Chr3_Pos11304277_T,Chr3_Pos11351996_T
6195	Chr2_Pos9055293_C,Chr2_Pos9055428_G,Chr2_Pos9055754_G,Chr2_Pos9055835_T,Chr2_Pos9070665_G,Chr2_Pos9093583_G,Chr2_Pos9571880_T,Chr3_Pos10149212_G,Chr3_Pos11304277_G,Chr3_Pos11351996_T
6904	Chr2_Pos9055293_C,Chr2_Pos9055428_G,Chr2_Pos9055754_G,Chr2_Pos9055835_T,Chr2_Pos9070665_G,Chr2_Pos9093583_G,Chr2_Pos9571880_T,Chr3_Pos10149212_T,Chr3_Pos11304277_G,Chr3_Pos11351996_T
6193	Chr2_Pos9055293_C,Chr2_Pos9055428_G,Chr2_Pos9055754_G,Chr2_Pos9055835_T,Chr2_Pos9070665_G,Chr2_Pos9093583_G,Chr2_Pos9571880_T,Chr3_Pos10149212_G,Chr3_Pos11304277_G,Chr3_Pos11351996_G
9437	Chr2_Pos9055293_C,Chr2_Pos9055428_G,Chr2_Pos9055754_G,Chr2_Pos9055835_T,Chr2_Pos9070665_G,Chr2_Pos9093583_G,Chr2_Pos9571880_T,Chr3_Pos10149212_G,Chr3_Pos11304277_T,Chr3_Pos11351996_T
9434	Chr2_Pos9055293_T,Chr2_Pos9055428_C,Chr2_Pos9055754_A,Chr2_Pos9055835_A,Chr2_Pos9070665_G,Chr2_Pos9093583_G,Chr2_Pos9571880_C,Chr3_Pos10149212_G,Chr3_Pos11304277_G,Chr3_Pos11351996_T
6198	Chr2_Pos9055293_C,Chr2_Pos9055428_G,Chr2_Pos9055754_G,Chr2_Pos9055835_T,Chr2_Pos9070665_G,Chr2_Pos9093583_G,Chr2_Pos9571880_T,Chr3_Pos10149212_G,Chr3_Pos11304277_T,Chr3_Pos11351996_T
9433	Chr2_Pos9055293_T,Chr2_Pos9055428_C,Chr2_Pos9055754_A,Chr2_Pos9055835_A,Chr2_Pos9070665_G,Chr2_Pos9093583_G,Chr2_Pos9571880_C,Chr3_Pos10149212_G,Chr3_Pos11304277_T,Chr3_Pos11351996_T
9416	Chr2_Pos9055293_T,Chr2_Pos9055428_C,Chr2_Pos9055754_A,Chr2_Pos9055835_A,Chr2_Pos9070665_T,Chr2_Pos9093583_C,Chr2_Pos9571880_C,Chr3_Pos10149212_T,Chr3_Pos11304277_T,Chr3_Pos11351996_T
6218	Chr2_Pos9055293_T,Chr2_Pos9055428_C,Chr2_Pos9055754_A,Chr2_Pos9055835_A,Chr2_Pos9070665_G,Chr2_Pos9093583_G,Chr2_Pos9571880_C,Chr3_Pos10149212_G,Chr3_Pos11304277_T,Chr3_Pos11351996_T
7280	Chr2_Pos9055293_C,Chr2_Pos9055428_G,Chr2_Pos9055754_G,Chr2_Pos9055835_T,Chr2_Pos9070665_G,Chr2_Pos9093583_G,Chr2_Pos9571880_T,Chr3_Pos10149212_T,Chr3_Pos11304277_G,Chr3_Pos11351996_G
6901	Chr2_Pos9055293_T,Chr2_Pos9055428_C,Chr2_Pos9055754_A,Chr2_Pos9055835_A,Chr2_Pos9070665_T,Chr2_Pos9093583_C,Chr2_Pos9571880_C,Chr3_Pos10149212_G,Chr3_Pos11304277_T,Chr3_Pos11351996_G
8369	Chr2_Pos9055293_T,Chr2_Pos9055428_C,Chr2_Pos9055754_A,Chr2_Pos9055835_A,Chr2_Pos9070665_G,Chr2_Pos9093583_G,Chr2_Pos9571880_C,Chr3_Pos10149212_G,Chr3_Pos11304277_G,Chr3_Pos11351996_T
9455	Chr2_Pos9055293_T,Chr2_Pos9055428_C,Chr2_Pos9055754_A,Chr2_Pos9055835_A,Chr2_Pos9070665_T,Chr2_Pos9093583_C,Chr2_Pos9571880_T,Chr3_Pos10149212_T,Chr3_Pos11304277_T,Chr3_Pos11351996_T
9450	Chr2_Pos9055293_T,Chr2_Pos9055428_C,Chr2_Pos9055754_A,Chr2_Pos9055835_A,Chr2_Pos9070665_G,Chr2_Pos9093583_G,Chr2_Pos9571880_C,Chr3_Pos10149212_G,Chr3_Pos11304277_G,Chr3_Pos11351996_G
8222	Chr2_Pos9055293_T,Chr2_Pos9055428_C,Chr2_Pos9055754_A,Chr2_Pos9055835_A,Chr2_Pos9070665_G,Chr2_Pos9093583_G,Chr2_Pos9571880_C,Chr3_Pos10149212_T,Chr3_Pos11304277_T,Chr3_Pos11351996_T
9453	Chr2_Pos9055293_C,Chr2_Pos9055428_G,Chr2_Pos9055754_G,Chr2_Pos9055835_T,Chr2_Pos9070665_G,Chr2_Pos9093583_C,Chr2_Pos9571880_T,Chr3_Pos10149212_G,Chr3_Pos11304277_G,Chr3_Pos11351996_G
9058	Chr2_Pos9055293_T,Chr2_Pos9055428_C,Chr2_Pos9055754_A,Chr2_Pos9055835_A,Chr2_Pos9070665_T,Chr2_Pos9093583_C,Chr2_Pos9571880_C,Chr3_Pos10149212_G,Chr3_Pos11304277_T,Chr3_Pos11351996_G
6897	Chr2_Pos9055293_C,Chr2_Pos9055428_G,Chr2_Pos9055754_G,Chr2_Pos9055835_T,Chr2_Pos9070665_G,Chr2_Pos9093583_G,Chr2_Pos9571880_C,Chr3_Pos10149212_T,Chr3_Pos11304277_G,Chr3_Pos11351996_T
6898	Chr2_Pos9055293_C,Chr2_Pos9055428_G,Chr2_Pos9055754_G,Chr2_Pos9055835_T,Chr2_Pos9070665_G,Chr2_Pos9093583_G,Chr2_Pos9571880_T,Chr3_Pos10149212_T,Chr3_Pos11304277_G,Chr3_Pos11351996_G
6940	Chr2_Pos9055293_C,Chr2_Pos9055428_G,Chr2_Pos9055754_G,Chr2_Pos9055835_T,Chr2_Pos9070665_G,Chr2_Pos9093583_G,Chr2_Pos9571880_T,Chr3_Pos10149212_T,Chr3_Pos11304277_T,Chr3_Pos11351996_T
6945	Chr2_Pos9055293_C,Chr2_Pos9055428_G,Chr2_Pos9055754_G,Chr2_Pos9055835_T,Chr2_Pos9070665_G,Chr2_Pos9093583_G,Chr2_Pos9571880_T,Chr3_Pos10149212_T,Chr3_Pos11304277_T,Chr3_Pos11351996_T
9057	Chr2_Pos9055293_T,Chr2_Pos9055428_C,Chr2_Pos9055754_A,Chr2_Pos9055835_A,Chr2_Pos9070665_G,Chr2_Pos9093583_G,Chr2_Pos9571880_C,Chr3_Pos10149212_G,Chr3_Pos11304277_G,Chr3_Pos11351996_T
9321	Chr2_Pos9055293_T,Chr2_Pos9055428_C,Chr2_Pos9055754_A,Chr2_Pos9055835_A,Chr2_Pos9070665_G,Chr2_Pos9093583_G,Chr2_Pos9571880_C,Chr3_Pos10149212_G,Chr3_Pos11304277_G,Chr3_Pos11351996_G
7320	Chr2_Pos9055293_T,Chr2_Pos9055428_C,Chr2_Pos9055754_A,Chr2_Pos9055835_A,Chr2_Pos9070665_G,Chr2_Pos9093583_G,Chr2_Pos9571880_T,Chr3_Pos10149212_T,Chr3_Pos11304277_G,Chr3_Pos11351996_T
6108	Chr2_Pos9055293_C,Chr2_Pos9055428_G,Chr2_Pos9055754_G,Chr2_Pos9055835_T,Chr2_Pos9070665_G,Chr2_Pos9093583_G,Chr2_Pos9571880_C,Chr3_Pos10149212_G,Chr3_Pos11304277_T,Chr3_Pos11351996_T
6107	Chr2_Pos9055293_T,Chr2_Pos9055428_C,Chr2_Pos9055754_G,Chr2_Pos9055835_T,Chr2_Pos9070665_T,Chr2_Pos9093583_G,Chr2_Pos9571880_C,Chr3_Pos10149212_G,Chr3_Pos11304277_T,Chr3_Pos11351996_T
6106	Chr2_Pos9055293_T,Chr2_Pos9055428_C,Chr2_Pos9055754_A,Chr2_Pos9055835_A,Chr2_Pos9070665_T,Chr2_Pos9093583_C,Chr2_Pos9571880_C,Chr3_Pos10149212_G,Chr3_Pos11304277_T,Chr3_Pos11351996_T
6104	Chr2_Pos9055293_T,Chr2_Pos9055428_C,Chr2_Pos9055754_A,Chr2_Pos9055835_A,Chr2_Pos9070665_T,Chr2_Pos9093583_C,Chr2_Pos9571880_C,Chr3_Pos10149212_G,Chr3_Pos11304277_G,Chr3_Pos11351996_T
6102	Chr2_Pos9055293_T,Chr2_Pos9055428_C,Chr2_Pos9055754_A,Chr2_Pos9055835_A,Chr2_Pos9070665_T,Chr2_Pos9093583_C,Chr2_Pos9571880_C,Chr3_Pos10149212_G,Chr3_Pos11304277_T,Chr3_Pos11351996_T
6100	Chr2_Pos9055293_T,Chr2_Pos9055428_C,Chr2_Pos9055754_A,Chr2_Pos9055835_A,Chr2_Pos9070665_T,Chr2_Pos9093583_C,Chr2_Pos9571880_C,Chr3_Pos10149212_G,Chr3_Pos11304277_T,Chr3_Pos11351996_T
9371	Chr2_Pos9055293_T,Chr2_Pos9055428_C,Chr2_Pos9055754_A,Chr2_Pos9055835_A,Chr2_Pos9070665_G,Chr2_Pos9093583_G,Chr2_Pos9571880_C,Chr3_Pos10149212_G,Chr3_Pos11304277_T,Chr3_Pos11351996_T
6220	Chr2_Pos9055293_T,Chr2_Pos9055428_C,Chr2_Pos9055754_A,Chr2_Pos9055835_A,Chr2_Pos9070665_T,Chr2_Pos9093583_C,Chr2_Pos9571880_C,Chr3_Pos10149212_G,Chr3_Pos11304277_T,Chr3_Pos11351996_G
6184	Chr2_Pos9055293_C,Chr2_Pos9055428_G,Chr2_Pos9055754_G,Chr2_Pos9055835_T,Chr2_Pos9070665_T,Chr2_Pos9093583_G,Chr2_Pos9571880_C,Chr3_Pos10149212_G,Chr3_Pos11304277_G,Chr3_Pos11351996_G
6180	Chr2_Pos9055293_T,Chr2_Pos9055428_C,Chr2_Pos9055754_A,Chr2_Pos9055835_A,Chr2_Pos9070665_G,Chr2_Pos9093583_G,Chr2_Pos9571880_C,Chr3_Pos10149212_G,Chr3_Pos11304277_G,Chr3_Pos11351996_G
6020	Chr2_Pos9055293_T,Chr2_Pos9055428_C,Chr2_Pos9055754_A,Chr2_Pos9055835_A,Chr2_Pos9070665_G,Chr2_Pos9093583_G,Chr2_Pos9571880_C,Chr3_Pos10149212_G,Chr3_Pos11304277_T,Chr3_Pos11351996_T
6021	Chr2_Pos9055293_C,Chr2_Pos9055428_C,Chr2_Pos9055754_G,Chr2_Pos9055835_T,Chr2_Pos9070665_T,Chr2_Pos9093583_G,Chr2_Pos9571880_C,Chr3_Pos10149212_T,Chr3_Pos11304277_T,Chr3_Pos11351996_T
6023	Chr2_Pos9055293_T,Chr2_Pos9055428_C,Chr2_Pos9055754_A,Chr2_Pos9055835_A,Chr2_Pos9070665_T,Chr2_Pos9093583_C,Chr2_Pos9571880_C,Chr3_Pos10149212_G,Chr3_Pos11304277_T,Chr3_Pos11351996_T
6024	Chr2_Pos9055293_T,Chr2_Pos9055428_C,Chr2_Pos9055754_A,Chr2_Pos9055835_A,Chr2_Pos9070665_T,Chr2_Pos9093583_C,Chr2_Pos9571880_C,Chr3_Pos10149212_G,Chr3_Pos11304277_T,Chr3_Pos11351996_T
6025	Chr2_Pos9055293_T,Chr2_Pos9055428_C,Chr2_Pos9055754_A,Chr2_Pos9055835_A,Chr2_Pos9070665_G,Chr2_Pos9093583_G,Chr2_Pos9571880_C,Chr3_Pos10149212_G,Chr3_Pos11304277_T,Chr3_Pos11351996_G
6189	Chr2_Pos9055293_T,Chr2_Pos9055428_C,Chr2_Pos9055754_A,Chr2_Pos9055835_A,Chr2_Pos9070665_G,Chr2_Pos9093583_G,Chr2_Pos9571880_C,Chr3_Pos10149212_G,Chr3_Pos11304277_T,Chr3_Pos11351996_T
6188	Chr2_Pos9055293_C,Chr2_Pos9055428_G,Chr2_Pos9055754_G,Chr2_Pos9055835_T,Chr2_Pos9070665_G,Chr2_Pos9093583_G,Chr2_Pos9571880_T,Chr3_Pos10149212_G,Chr3_Pos11304277_T,Chr3_Pos11351996_T
6977	Chr2_Pos9055293_C,Chr2_Pos9055428_G,Chr2_Pos9055754_G,Chr2_Pos9055835_T,Chr2_Pos9070665_G,Chr2_Pos9093583_G,Chr2_Pos9571880_C,Chr3_Pos10149212_T,Chr3_Pos11304277_T,Chr3_Pos11351996_G
6974	Chr2_Pos9055293_T,Chr2_Pos9055428_C,Chr2_Pos9055754_A,Chr2_Pos9055835_A,Chr2_Pos9070665_T,Chr2_Pos9093583_C,Chr2_Pos9571880_C,Chr3_Pos10149212_G,Chr3_Pos11304277_T,Chr3_Pos11351996_T
6975	Chr2_Pos9055293_T,Chr2_Pos9055428_C,Chr2_Pos9055754_A,Chr2_Pos9055835_A,Chr2_Pos9070665_G,Chr2_Pos9093583_G,Chr2_Pos9571880_T,Chr3_Pos10149212_T,Chr3_Pos11304277_G,Chr3_Pos11351996_G
6973	Chr2_Pos9055293_C,Chr2_Pos9055428_G,Chr2_Pos9055754_G,Chr2_Pos9055835_T,Chr2_Pos9070665_G,Chr2_Pos9093583_G,Chr2_Pos9571880_T,Chr3_Pos10149212_G,Chr3_Pos11304277_G,Chr3_Pos11351996_T
6970	Chr2_Pos9055293_T,Chr2_Pos9055428_G,Chr2_Pos9055754_G,Chr2_Pos9055835_T,Chr2_Pos9070665_G,Chr2_Pos9093583_G,Chr2_Pos9571880_T,Chr3_Pos10149212_T,Chr3_Pos11304277_G,Chr3_Pos11351996_T
7411	Chr2_Pos9055293_T,Chr2_Pos9055428_G,Chr2_Pos9055754_G,Chr2_Pos9055835_T,Chr2_Pos9070665_G,Chr2_Pos9093583_G,Chr2_Pos9571880_T,Chr3_Pos10149212_T,Chr3_Pos11304277_G,Chr3_Pos11351996_G
9442	Chr2_Pos9055293_T,Chr2_Pos9055428_C,Chr2_Pos9055754_A,Chr2_Pos9055835_A,Chr2_Pos9070665_G,Chr2_Pos9093583_G,Chr2_Pos9571880_C,Chr3_Pos10149212_T,Chr3_Pos11304277_T,Chr3_Pos11351996_T
8249	Chr2_Pos9055293_T,Chr2_Pos9055428_C,Chr2_Pos9055754_A,Chr2_Pos9055835_A,Chr2_Pos9070665_G,Chr2_Pos9093583_G,Chr2_Pos9571880_C,Chr3_Pos10149212_G,Chr3_Pos11304277_G,Chr3_Pos11351996_G
8242	Chr2_Pos9055293_C,Chr2_Pos9055428_G,Chr2_Pos9055754_G,Chr2_Pos9055835_T,Chr2_Pos9070665_G,Chr2_Pos9093583_G,Chr2_Pos9571880_T,Chr3_Pos10149212_G,Chr3_Pos11304277_T,Chr3_Pos11351996_T
8240	Chr2_Pos9055293_T,Chr2_Pos9055428_C,Chr2_Pos9055754_A,Chr2_Pos9055835_A,Chr2_Pos9070665_T,Chr2_Pos9093583_C,Chr2_Pos9571880_T,Chr3_Pos10149212_G,Chr3_Pos11304277_G,Chr3_Pos11351996_T
8241	Chr2_Pos9055293_C,Chr2_Pos9055428_G,Chr2_Pos9055754_G,Chr2_Pos9055835_T,Chr2_Pos9070665_G,Chr2_Pos9093583_G,Chr2_Pos9571880_T,Chr3_Pos10149212_T,Chr3_Pos11304277_T,Chr3_Pos11351996_T
8247	Chr2_Pos9055293_T,Chr2_Pos9055428_C,Chr2_Pos9055754_A,Chr2_Pos9055835_A,Chr2_Pos9070665_T,Chr2_Pos9093583_C,Chr2_Pos9571880_C,Chr3_Pos10149212_G,Chr3_Pos11304277_G,Chr3_Pos11351996_T
7337	Chr2_Pos9055293_C,Chr2_Pos9055428_G,Chr2_Pos9055754_G,Chr2_Pos9055835_T,Chr2_Pos9070665_G,Chr2_Pos9093583_G,Chr2_Pos9571880_T,Chr3_Pos10149212_T,Chr3_Pos11304277_T,Chr3_Pos11351996_T
6099	Chr2_Pos9055293_T,Chr2_Pos9055428_C,Chr2_Pos9055754_A,Chr2_Pos9055835_A,Chr2_Pos9070665_G,Chr2_Pos9093583_G,Chr2_Pos9571880_C,Chr3_Pos10149212_G,Chr3_Pos11304277_T,Chr3_Pos11351996_T
6138	Chr2_Pos9055293_T,Chr2_Pos9055428_C,Chr2_Pos9055754_A,Chr2_Pos9055835_A,Chr2_Pos9070665_G,Chr2_Pos9093583_G,Chr2_Pos9571880_T,Chr3_Pos10149212_G,Chr3_Pos11304277_G,Chr3_Pos11351996_T
5832	Chr2_Pos9055293_C,Chr2_Pos9055428_G,Chr2_Pos9055754_G,Chr2_Pos9055835_T,Chr2_Pos9070665_G,Chr2_Pos9093583_G,Chr2_Pos9571880_C,Chr3_Pos10149212_G,Chr3_Pos11304277_G,Chr3_Pos11351996_G
5830	Chr2_Pos9055293_C,Chr2_Pos9055428_G,Chr2_Pos9055754_G,Chr2_Pos9055835_T,Chr2_Pos9070665_G,Chr2_Pos9093583_G,Chr2_Pos9571880_T,Chr3_Pos10149212_G,Chr3_Pos11304277_T,Chr3_Pos11351996_T
6098	Chr2_Pos9055293_T,Chr2_Pos9055428_C,Chr2_Pos9055754_A,Chr2_Pos9055835_A,Chr2_Pos9070665_G,Chr2_Pos9093583_G,Chr2_Pos9571880_C,Chr3_Pos10149212_T,Chr3_Pos11304277_T,Chr3_Pos11351996_G
6132	Chr2_Pos9055293_T,Chr2_Pos9055428_C,Chr2_Pos9055754_A,Chr2_Pos9055835_A,Chr2_Pos9070665_T,Chr2_Pos9093583_C,Chr2_Pos9571880_C,Chr3_Pos10149212_G,Chr3_Pos11304277_T,Chr3_Pos11351996_T
6133	Chr2_Pos9055293_T,Chr2_Pos9055428_C,Chr2_Pos9055754_A,Chr2_Pos9055835_A,Chr2_Pos9070665_G,Chr2_Pos9093583_G,Chr2_Pos9571880_T,Chr3_Pos10149212_G,Chr3_Pos11304277_T,Chr3_Pos11351996_T
6131	Chr2_Pos9055293_T,Chr2_Pos9055428_C,Chr2_Pos9055754_A,Chr2_Pos9055835_A,Chr2_Pos9070665_T,Chr2_Pos9093583_C,Chr2_Pos9571880_C,Chr3_Pos10149212_G,Chr3_Pos11304277_T,Chr3_Pos11351996_T
6136	Chr2_Pos9055293_C,Chr2_Pos9055428_G,Chr2_Pos9055754_G,Chr2_Pos9055835_T,Chr2_Pos9070665_G,Chr2_Pos9093583_C,Chr2_Pos9571880_C,Chr3_Pos10149212_G,Chr3_Pos11304277_G,Chr3_Pos11351996_T
6137	Chr2_Pos9055293_T,Chr2_Pos9055428_C,Chr2_Pos9055754_A,Chr2_Pos9055835_A,Chr2_Pos9070665_T,Chr2_Pos9093583_C,Chr2_Pos9571880_C,Chr3_Pos10149212_G,Chr3_Pos11304277_G,Chr3_Pos11351996_T
7333	Chr2_Pos9055293_C,Chr2_Pos9055428_G,Chr2_Pos9055754_G,Chr2_Pos9055835_T,Chr2_Pos9070665_G,Chr2_Pos9093583_G,Chr2_Pos9571880_C,Chr3_Pos10149212_T,Chr3_Pos11304277_G,Chr3_Pos11351996_T
6039	Chr2_Pos9055293_C,Chr2_Pos9055428_G,Chr2_Pos9055754_G,Chr2_Pos9055835_T,Chr2_Pos9070665_G,Chr2_Pos9093583_G,Chr2_Pos9571880_T,Chr3_Pos10149212_G,Chr3_Pos11304277_T,Chr3_Pos11351996_G
6038	Chr2_Pos9055293_C,Chr2_Pos9055428_G,Chr2_Pos9055754_G,Chr2_Pos9055835_T,Chr2_Pos9070665_G,Chr2_Pos9093583_G,Chr2_Pos9571880_T,Chr3_Pos10149212_G,Chr3_Pos11304277_T,Chr3_Pos11351996_T
6238	Chr2_Pos9055293_T,Chr2_Pos9055428_C,Chr2_Pos9055754_A,Chr2_Pos9055835_A,Chr2_Pos9070665_G,Chr2_Pos9093583_G,Chr2_Pos9571880_C,Chr3_Pos10149212_G,Chr3_Pos11304277_T,Chr3_Pos11351996_T
6030	Chr2_Pos9055293_T,Chr2_Pos9055428_C,Chr2_Pos9055754_A,Chr2_Pos9055835_A,Chr2_Pos9070665_T,Chr2_Pos9093583_C,Chr2_Pos9571880_C,Chr3_Pos10149212_G,Chr3_Pos11304277_T,Chr3_Pos11351996_G
6231	Chr2_Pos9055293_T,Chr2_Pos9055428_C,Chr2_Pos9055754_A,Chr2_Pos9055835_A,Chr2_Pos9070665_G,Chr2_Pos9093583_G,Chr2_Pos9571880_C,Chr3_Pos10149212_G,Chr3_Pos11304277_G,Chr3_Pos11351996_T
6036	Chr2_Pos9055293_C,Chr2_Pos9055428_G,Chr2_Pos9055754_G,Chr2_Pos9055835_T,Chr2_Pos9070665_G,Chr2_Pos9093583_G,Chr2_Pos9571880_T,Chr3_Pos10149212_G,Chr3_Pos11304277_T,Chr3_Pos11351996_T
6035	Chr2_Pos9055293_T,Chr2_Pos9055428_C,Chr2_Pos9055754_A,Chr2_Pos9055835_A,Chr2_Pos9070665_T,Chr2_Pos9093583_C,Chr2_Pos9571880_C,Chr3_Pos10149212_G,Chr3_Pos11304277_G,Chr3_Pos11351996_T
6034	Chr2_Pos9055293_C,Chr2_Pos9055428_C,Chr2_Pos9055754_G,Chr2_Pos9055835_T,Chr2_Pos9070665_T,Chr2_Pos9093583_G,Chr2_Pos9571880_T,Chr3_Pos10149212_G,Chr3_Pos11304277_G,Chr3_Pos11351996_G
