genotype_id	Chr1_Pos19133268	Chr1_Pos25117634	Chr1_Pos3877554	Chr2_Pos1022560	Chr2_Pos9581605	Chr3_Pos20411685	Chr5_Pos18513605	Chr5_Pos18591253	Chr5_Pos3188327	phenotype
992	0	0	0	0	0	0	0	0	1	100.0
997	0	0	0	0	0	0	0	0	0	96.3
1002	0	0	0	0	0	0	0	0	1	100.0
1435	0	1	1	0	1	1	0	1	0	60.5
5830	0	0	1	1	1	0	0	0	1	98.0
5831	0	0	0	0	0	0	0	0	0	105.0
5832	1	0	0	1	0	0	0	0	1	87.0
5837	0	1	1	0	1	1	0	1	1	57.0
5856	0	0	0	1	0	0	0	0	1	118.7
5867	1	0	0	1	0	0	0	0	1	122.5
6009	0	0	0	1	0	0	0	1	1	98.0
6012	0	0	0	1	0	0	0	0	1	94.5
6013	0	0	0	1	0	0	0	1	1	101.3
6016	0	0	0	1	0	0	0	0	0	75.0
6017	0	0	0	1	0	0	0	0	0	85.0
6019	0	0	0	0	0	1	0	0	1	103.3
6020	1	0	0	0	0	0	0	0	1	103.8
6021	0	0	0	0	0	1	0	0	1	102.0
6023	1	1	0	0	1	0	0	0	0	93.5
6024	1	0	0	0	1	0	0	0	0	104.0
6025	0	0	0	0	0	0	0	0	1	101.0
6030	0	0	0	0	0	0	0	0	1	105.0
6034	0	0	0	0	1	0	0	0	0	91.5
6035	0	1	1	0	0	0	0	0	0	84.0
6036	0	0	1	0	1	0	0	0	0	82.5
6038	0	0	1	0	1	0	0	0	0	85.8
6039	0	1	0	0	1	1	0	1	0	66.0
6040	0	1	0	0	0	0	1	0	0	71.0
6041	0	1	1	0	1	1	0	0	0	73.0
6042	0	1	0	1	1	0	0	1	0	56.0
6043	0	0	0	1	0	0	0	0	0	90.0
6046	0	0	0	1	0	0	0	0	0	93.0
6064	0	0	0	0	0	0	0	0	1	96.0
6069	0	0	0	0	0	0	0	0	1	111.0
6071	0	0	0	1	0	0	0	0	1	109.0
6073	0	0	0	0	0	1	0	0	1	106.8
6074	0	0	1	0	0	0	0	0	0	91.0
6076	0	0	0	1	0	0	0	0	1	115.0
6085	1	0	0	0	0	0	0	0	1	125.0
6086	0	0	0	1	0	0	0	0	1	92.5
6090	1	1	0	1	1	0	0	0	1	92.0
6092	0	0	0	0	0	0	0	0	1	104.0
6097	1	0	1	0	0	0	0	0	1	114.5
6098	0	1	0	0	0	1	0	0	1	85.0
6099	0	1	0	0	0	0	0	0	0	111.0
6100	1	0	0	0	1	0	0	0	1	115.0
6102	0	0	0	1	0	0	0	0	1	118.0
6104	0	1	0	0	0	0	0	0	0	101.0
6106	1	1	0	1	0	0	0	0	1	105.0
6107	0	0	0	1	0	0	0	0	1	113.0
6108	0	0	1	0	1	0	0	0	1	73.5
6111	1	0	0	1	0	0	0	0	0	116.0
6112	1	1	1	0	0	0	0	0	1	97.0
6114	0	1	0	1	0	0	0	0	1	103.5
6125	0	1	0	0	0	0	0	0	0	108.0
6126	1	0	0	1	1	0	0	0	1	119.7
6128	0	0	1	0	0	0	0	0	1	117.0
6131	0	1	0	0	0	0	0	0	1	109.0
6132	1	0	0	0	0	0	0	0	0	103.3
6133	0	1	0	0	1	0	0	0	1	105.0
6136	0	1	0	0	0	0	0	0	0	86.0
6137	0	1	0	0	0	0	0	0	0	86.3
6138	0	0	0	0	1	0	0	0	0	83.0
6140	0	1	0	0	0	0	0	0	0	86.0
6142	0	0	0	0	0	0	0	0	0	90.0
6145	0	1	0	0	0	0	0	0	0	100.0
6148	0	0	0	0	0	0	0	0	0	90.0
6150	0	1	0	0	1	0	0	0	0	83.5
6151	0	0	0	0	1	0	0	0	0	108.0
6154	0	0	0	1	0	0	0	0	1	109.0
6163	0	0	0	1	0	0	0	0	1	107.5
6166	0	0	0	1	0	0	0	1	1	107.5
6169	0	1	0	1	0	0	0	1	1	91.5
6171	0	0	0	1	0	0	0	0	1	104.0
6172	0	1	0	1	0	0	0	0	1	80.0
6173	0	1	0	1	0	0	0	0	1	89.5
6174	0	1	0	1	0	0	0	0	1	91.0
6177	0	1	0	1	0	0	0	0	1	89.0
6180	0	1	1	0	1	1	0	1	0	58.5
6184	0	1	0	1	0	0	0	0	1	85.3
6188	0	1	1	0	1	1	0	0	0	59.0
6189	0	0	1	0	0	0	0	0	0	73.0
6193	0	1	1	0	1	0	0	0	0	71.0
6194	0	0	1	0	0	0	0	0	1	108.8
6195	0	1	0	0	1	1	0	1	1	68.0
6198	0	1	0	0	1	1	0	0	0	78.5
6201	0	0	0	1	0	1	0	0	1	91.3
6202	1	1	0	0	0	1	0	0	1	115.0
6209	0	0	0	1	0	0	0	1	1	90.0
6210	0	0	0	1	0	0	0	1	1	89.3
6216	0	0	0	1	0	0	0	0	1	117.5
6217	0	0	0	1	0	0	0	0	1	90.7
6218	0	0	0	1	0	0	0	0	1	106.0
6220	0	1	0	0	0	0	0	0	1	96.5
6231	0	0	0	0	0	0	0	0	1	110.0
6238	0	0	0	1	0	0	0	0	1	99.0
6240	0	0	0	1	0	0	0	0	1	91.0
6241	0	0	0	1	0	0	0	0	1	91.0
6242	0	1	1	0	1	0	0	0	1	93.5
6243	0	0	1	0	1	0	0	1	0	56.0
6244	0	0	0	1	0	0	0	0	1	107.5
6255	0	0	0	0	0	0	0	0	1	104.5
6258	0	1	0	0	0	0	0	0	0	107.0
6268	0	0	0	0	0	0	0	0	1	108.0
6276	0	0	0	0	0	0	0	0	1	109.0
6284	0	0	0	1	0	0	1	0	1	106.5
6897	0	0	1	0	1	1	0	0	0	62.0
6898	0	1	1	0	1	1	1	0	0	41.0
6900	0	1	0	1	0	0	0	0	1	90.0
6901	0	1	0	1	0	0	0	0	1	86.0
6903	0	0	1	1	1	1	0	1	1	57.0
6904	0	1	1	0	1	1	0	0	0	66.0
6913	0	0	0	1	0	0	0	0	1	99.0
6915	0	0	1	0	1	1	0	0	0	53.0
6917	0	1	0	0	0	0	0	0	1	121.0
6918	0	0	0	1	0	0	0	0	1	108.0
6919	1	0	1	0	1	1	0	0	0	71.0
6921	0	0	1	1	0	0	1	0	0	64.0
6922	0	1	1	0	1	0	1	0	0	48.0
6926	0	0	1	1	1	1	0	1	0	49.0
6929	0	0	1	0	0	1	0	1	0	71.0
6938	0	1	1	0	0	1	0	1	0	63.0
6940	0	1	1	1	1	0	0	1	0	49.0
6945	0	0	1	1	1	1	0	0	0	55.0
6951	0	1	0	0	1	0	0	1	1	68.0
6958	0	1	1	0	1	1	0	0	0	49.0
6961	0	1	1	0	1	1	0	0	0	46.0
6963	0	0	1	1	0	1	0	1	0	60.0
6964	0	0	1	1	1	0	0	0	0	93.0
6965	0	1	0	0	0	1	0	0	1	102.0
6967	0	1	1	1	1	1	0	0	0	44.0
6968	0	1	0	1	0	0	0	0	1	71.0
6970	0	1	1	0	1	0	0	0	0	48.0
6973	0	0	0	0	1	1	0	0	0	53.0
6974	0	0	0	1	0	0	0	0	1	103.0
6975	0	0	1	0	1	1	0	1	0	51.0
6977	0	1	1	1	1	1	1	0	0	49.0
6981	0	0	0	1	1	0	0	1	0	44.0
6982	0	1	1	0	1	1	0	0	0	49.0
6983	0	1	1	1	1	1	0	0	1	71.0
6990	0	0	0	0	1	1	0	0	0	73.0
6994	0	0	1	0	1	0	0	0	0	87.0
7000	0	1	1	1	1	0	0	1	0	65.0
7002	0	0	1	1	1	1	0	0	0	89.0
7014	1	0	1	0	1	0	0	0	0	92.0
7026	0	0	1	1	1	1	0	1	0	59.0
7031	0	0	1	0	1	1	0	0	0	72.5
7071	0	0	1	0	1	1	0	0	0	64.0
7092	0	0	1	1	1	1	0	0	0	74.0
7143	0	0	1	1	1	1	0	0	0	64.0
7163	0	0	1	1	1	1	0	1	0	57.0
7166	0	0	1	0	1	1	0	0	0	65.5
7199	0	0	1	0	1	0	0	1	0	49.0
7206	0	1	1	0	1	0	1	1	0	44.0
7244	0	1	0	0	1	1	1	0	0	58.0
7255	0	0	0	0	1	0	1	1	0	46.0
7280	0	1	1	0	1	0	1	0	0	59.0
7300	1	1	1	1	1	1	0	0	0	61.0
7306	0	0	1	0	1	1	0	0	0	60.0
7316	0	0	0	0	1	0	0	0	0	98.0
7320	0	0	1	1	1	1	0	0	0	87.0
7333	0	1	1	1	0	1	0	0	0	50.0
7337	0	0	1	1	1	1	0	0	0	59.0
7343	0	1	1	1	0	0	0	1	0	62.0
7344	0	1	1	0	1	1	1	0	0	57.5
7351	0	1	0	0	0	0	0	0	1	98.3
7378	1	1	1	0	1	1	0	1	0	76.0
7384	0	1	0	0	1	0	0	0	0	95.8
7411	0	0	1	0	1	0	0	1	0	64.0
7424	0	0	1	1	1	1	0	0	0	43.0
7514	0	1	1	1	1	1	0	0	0	58.0
7516	0	0	0	0	0	0	0	0	1	100.0
7517	0	0	0	0	0	0	0	0	1	107.0
7518	0	1	0	0	1	1	0	0	1	103.0
8213	0	1	1	1	0	1	1	0	0	44.0
8222	0	0	0	0	0	1	0	0	1	90.0
8230	0	0	1	1	0	0	0	0	0	97.0
8231	0	1	0	0	0	0	0	0	0	91.0
8237	0	1	0	1	0	0	0	0	1	97.0
8240	0	1	0	1	0	0	0	0	1	93.0
8241	0	0	0	1	1	0	0	0	1	73.0
8242	0	1	0	0	1	0	0	0	1	120.0
8247	0	0	0	0	0	1	0	0	0	87.0
8249	0	1	0	1	0	0	0	0	0	81.0
8256	0	1	1	0	1	0	0	0	0	61.0
8258	0	1	1	1	0	0	0	0	0	73.0
8259	0	1	1	1	0	0	0	0	0	73.0
8283	0	1	0	1	1	0	0	1	1	71.0
8306	0	0	1	0	1	0	0	0	0	96.0
8334	0	1	0	1	1	0	0	0	0	64.0
8335	0	0	0	0	0	0	0	0	0	104.0
8369	0	0	1	0	0	0	0	0	0	76.0
8376	0	0	0	1	0	0	0	0	1	84.0
8386	0	1	1	1	1	0	0	1	0	69.0
8387	0	0	1	0	1	1	1	0	0	52.0
8422	1	0	1	0	1	0	0	0	1	106.0
9057	0	1	1	0	0	0	0	0	0	76.0
9058	0	1	0	1	0	0	0	0	1	101.0
9321	0	0	0	1	0	0	0	0	1	100.0
9323	0	0	0	1	0	0	0	0	1	100.3
9371	0	0	0	1	0	0	0	0	1	106.3
9382	0	1	0	0	0	0	0	0	0	99.3
9386	1	0	0	0	0	0	0	0	1	117.0
9388	1	0	0	1	0	0	0	0	1	118.8
9390	0	1	0	0	1	1	0	1	0	69.5
9391	0	1	0	0	1	1	0	0	0	73.0
9399	1	0	0	1	0	0	0	0	0	101.8
9402	0	0	0	1	0	1	0	0	0	92.5
9404	0	1	0	0	0	0	0	0	0	99.0
9405	0	1	0	0	0	0	0	0	0	85.8
9407	0	1	0	0	0	0	0	0	0	91.5
9408	1	1	0	1	0	0	0	0	1	111.8
9409	0	0	0	1	0	1	0	0	1	105.0
9412	0	1	0	0	0	0	0	1	0	86.5
9416	0	0	0	0	0	0	0	0	0	115.0
9421	0	0	0	0	0	0	0	0	1	105.0
9427	0	0	0	1	0	0	0	0	1	91.0
9433	0	0	0	0	0	0	0	0	1	121.0
9434	0	1	0	1	0	0	0	0	1	108.3
9437	0	1	0	1	1	0	0	0	0	77.0
9442	0	0	0	0	0	0	0	0	1	108.7
9450	0	0	0	1	0	0	0	0	0	89.8
9451	0	0	0	0	0	0	0	0	0	111.0
9453	0	0	0	0	0	0	0	0	1	98.0
9454	0	1	0	0	0	0	0	0	1	104.8
9455	1	0	0	1	1	0	0	0	1	100.0
9470	0	0	0	0	1	0	0	0	1	90.7
9471	1	1	0	0	1	0	0	0	0	86.0
9476	0	0	0	0	0	0	0	0	1	105.0
9481	0	0	0	1	0	0	0	0	1	107.0
